{"cameraMode":{"drawMode":0,"name":"Shaded","section":"Shading Mode"},"sceneLighting":true,"audioPlay":false,"sceneViewState":{"showFog":true,"showMaterialUpdate":false,"showSkybox":true,"showFlares":true,"showImageEffects":true,"showParticleSystems":true},"in2DMode":false,"pivot":{"x":0.20000000298023225,"y":30.260000228881837,"z":0.0},"rotation":{"x":0.11000219732522965,"y":-0.8420920372009277,"z":0.18769806623458863,"w":0.49351638555526736},"size":113.98860168457031,"orthographic":false}