{"cameraMode":{"drawMode":2,"name":"Shaded Wireframe","section":"Shading Mode"},"sceneLighting":false,"audioPlay":false,"sceneViewState":{"showFog":true,"showMaterialUpdate":true,"showSkybox":true,"showFlares":true,"showImageEffects":true,"showParticleSystems":true},"in2DMode":false,"pivot":{"x":-31.785612106323243,"y":-7.892340183258057,"z":104.02574920654297},"rotation":{"x":-0.12371356040239334,"y":-0.6575624942779541,"z":0.11074791848659516,"w":-0.73492431640625},"size":131.56959533691407,"orthographic":false}