{"cameraMode":{"drawMode":0,"name":"Shaded","section":"Shading Mode"},"sceneLighting":true,"audioPlay":false,"sceneViewState":{"showFog":true,"showMaterialUpdate":false,"showSkybox":true,"showFlares":true,"showImageEffects":true,"showParticleSystems":true},"in2DMode":false,"pivot":{"x":0.9900000095367432,"y":-1804.8370361328125,"z":0.0},"rotation":{"x":-0.057193584740161899,"y":0.5625450611114502,"z":-0.03905210271477699,"w":-0.8238643407821655},"size":71.46588897705078,"orthographic":false}