{"cameraMode":{"drawMode":0,"name":"Shaded","section":"Shading Mode"},"sceneLighting":true,"audioPlay":false,"sceneViewState":{"showFog":true,"showMaterialUpdate":true,"showSkybox":true,"showFlares":true,"showImageEffects":true,"showParticleSystems":true},"in2DMode":false,"pivot":{"x":0.798640251159668,"y":90.89639282226563,"z":-0.05431748926639557},"rotation":{"x":0.06615611910820008,"y":-0.6894029974937439,"z":0.06347377598285675,"w":0.7185643315315247},"size":3.43645977973938,"orthographic":false}