{"cameraMode":{"drawMode":2,"name":"Shaded Wireframe","section":"Shading Mode"},"sceneLighting":false,"audioPlay":false,"sceneViewState":{"showFog":true,"showMaterialUpdate":true,"showSkybox":false,"showFlares":true,"showImageEffects":true,"showParticleSystems":true},"in2DMode":false,"pivot":{"x":0.3912014961242676,"y":0.35730910301208498,"z":-1.072310447692871},"rotation":{"x":-0.12371356040239334,"y":-0.6575624942779541,"z":0.11074791848659516,"w":-0.73492431640625},"size":14.58708667755127,"orthographic":false}